<?xml version="1.0" encoding="UTF-8"?>
<project-private xmlns="http://www.netbeans.org/ns/project-private/1">
    <editor-bookmarks xmlns="http://www.netbeans.org/ns/editor-bookmarks/2" lastBookmarkId="0"/>
    <open-files xmlns="http://www.netbeans.org/ns/projectui-open-files/2">
        <group>
            <file>file:/C:/Users/Colorado/Documents/NetBeansProjects/Actividad8/Semana8/src/MVC/Modelo.java</file>
            <file>file:/C:/Users/Colorado/Documents/NetBeansProjects/Actividad8/Semana8/src/MVC/Controlador.java</file>
            <file>file:/C:/Users/Colorado/Documents/NetBeansProjects/Actividad8/Semana8/src/MVC/Vista.java</file>
            <file>file:/C:/Users/Colorado/Documents/NetBeansProjects/Actividad8/Semana8/src/ejecuciónprincipal/EjecuciónPrincipal.java</file>
        </group>
    </open-files>
</project-private>
